-- phpMyAdmin SQL Dump
-- version 4.5.4.1deb2ubuntu2
-- http://www.phpmyadmin.net
--
-- Servidor: localhost
-- Tiempo de generación: 28-11-2017 a las 12:52:24
-- Versión del servidor: 5.7.20-0ubuntu0.16.04.1
-- Versión de PHP: 7.0.22-0ubuntu0.16.04.1

SET SQL_MODE = "NO_AUTO_VALUE_ON_ZERO";
SET time_zone = "+00:00";


/*!40101 SET @OLD_CHARACTER_SET_CLIENT=@@CHARACTER_SET_CLIENT */;
/*!40101 SET @OLD_CHARACTER_SET_RESULTS=@@CHARACTER_SET_RESULTS */;
/*!40101 SET @OLD_COLLATION_CONNECTION=@@COLLATION_CONNECTION */;
/*!40101 SET NAMES utf8mb4 */;

--
-- Base de datos: `siop`
--

-- --------------------------------------------------------

--
-- Estructura de tabla para la tabla `answer_docs`
--

CREATE TABLE `answer_docs` (
  `id_answer` int(11) NOT NULL,
  `folio_doc` int(11) DEFAULT NULL,
  `date_answer` date DEFAULT NULL,
  `oficio_answer` varchar(255) COLLATE utf8_spanish_ci DEFAULT NULL,
  `id_status_doc` int(11) NOT NULL
) ENGINE=InnoDB DEFAULT CHARSET=utf8 COLLATE=utf8_spanish_ci;

-- --------------------------------------------------------

--
-- Estructura de tabla para la tabla `char_tramits`
--

CREATE TABLE `char_tramits` (
  `id_char` int(11) NOT NULL,
  `desc_char` varchar(25) COLLATE utf8_spanish_ci DEFAULT NULL
) ENGINE=InnoDB DEFAULT CHARSET=utf8 COLLATE=utf8_spanish_ci;

-- --------------------------------------------------------

--
-- Estructura de tabla para la tabla `classifications`
--

CREATE TABLE `classifications` (
  `id_classif` int(11) NOT NULL,
  `desc_classif` varchar(50) COLLATE utf8_spanish_ci DEFAULT NULL
) ENGINE=InnoDB DEFAULT CHARSET=utf8 COLLATE=utf8_spanish_ci;

-- --------------------------------------------------------

--
-- Estructura de tabla para la tabla `departaments`
--

CREATE TABLE `departaments` (
  `id_dep` int(11) NOT NULL,
  `departament` varchar(80) COLLATE utf8_spanish_ci DEFAULT NULL,
  `id_dir` int(11) NOT NULL
) ENGINE=InnoDB DEFAULT CHARSET=utf8 COLLATE=utf8_spanish_ci;

--
-- Volcado de datos para la tabla `departaments`
--

INSERT INTO `departaments` (`id_dep`, `departament`, `id_dir`) VALUES
(1, 'Informática', 1),
(2, 'Archivo', 1),
(3, 'Departamento de adquisición', 1),
(4, 'Departamento de derecho de vía', 2),
(5, 'Departamento de Agua Potable, Alcantarillado y Saneamiento', 2),
(6, 'Departamento de Infraestructura Urbana', 2),
(7, 'Departamento de Insfraestructura Vial', 2),
(8, 'Departamento de planeación', 3),
(9, 'Proyectos', 3),
(12, 'Departamento de Estadística e Información Geográfica', 3),
(13, ' \r\nDepartamento de Programas y \r\nRegistro del Desarrollo Urbano', 3),
(16, 'efe de \r\nDepartamento de Licitaciones y Contratos', 4),
(17, 'Departamento de Precios Unitarios y \r\nAjuste de Costo', 4);

-- --------------------------------------------------------

--
-- Estructura de tabla para la tabla `descriptions`
--

CREATE TABLE `descriptions` (
  `id_desc` int(11) NOT NULL,
  `content_desc` varchar(60) COLLATE utf8_spanish_ci DEFAULT NULL
) ENGINE=InnoDB DEFAULT CHARSET=utf8 COLLATE=utf8_spanish_ci;

-- --------------------------------------------------------

--
-- Estructura de tabla para la tabla `destiny_docs`
--

CREATE TABLE `destiny_docs` (
  `id_destiny` int(11) NOT NULL,
  `desc_destiny` varchar(50) COLLATE utf8_spanish_ci DEFAULT NULL,
  `destiny_position` varchar(60) COLLATE utf8_spanish_ci DEFAULT NULL
) ENGINE=InnoDB DEFAULT CHARSET=utf8 COLLATE=utf8_spanish_ci;

-- --------------------------------------------------------

--
-- Estructura de tabla para la tabla `directions`
--

CREATE TABLE `directions` (
  `id_dir` int(11) NOT NULL,
  `dir_name` varchar(80) COLLATE utf8_spanish_ci DEFAULT NULL
) ENGINE=InnoDB DEFAULT CHARSET=utf8 COLLATE=utf8_spanish_ci;

--
-- Volcado de datos para la tabla `directions`
--

INSERT INTO `directions` (`id_dir`, `dir_name`) VALUES
(1, 'Dirección Administrativa'),
(2, 'Dirección de Obras Públicas'),
(3, 'Dirección de Desarrollo Urbano'),
(4, 'Dirección de Licitaciones, Precios Unitarios y Contratos');

-- --------------------------------------------------------

--
-- Estructura de tabla para la tabla `documents`
--

CREATE TABLE `documents` (
  `id_doc` int(11) NOT NULL,
  `id_destiny` int(11) NOT NULL,
  `id_muni` int(11) NOT NULL,
  `id_type_doc` int(11) NOT NULL,
  `id_status_doc` int(11) NOT NULL,
  `id_sender` int(11) NOT NULL,
  `folio_doc` varchar(20) COLLATE utf8_spanish_ci DEFAULT NULL,
  `send_doc` varchar(100) COLLATE utf8_spanish_ci DEFAULT NULL,
  `origin_doc` varchar(100) COLLATE utf8_spanish_ci DEFAULT NULL,
  `movil_doc` int(11) DEFAULT NULL,
  `tel_doc` int(11) DEFAULT NULL,
  `ext_doc` varchar(6) COLLATE utf8_spanish_ci DEFAULT NULL,
  `email_doc` varchar(80) COLLATE utf8_spanish_ci DEFAULT NULL,
  `date_doc` date DEFAULT NULL,
  `date_recep` date DEFAULT NULL,
  `reference` varchar(100) COLLATE utf8_spanish_ci DEFAULT NULL
) ENGINE=InnoDB DEFAULT CHARSET=utf8 COLLATE=utf8_spanish_ci COMMENT='This is the principal Table to register the information of the documents who arrive to the organization; is accompanied for the information of the origin like municipalities, typo of document, who is the sender, what is the status of the document.';

-- --------------------------------------------------------

--
-- Estructura de tabla para la tabla `documents_turned`
--

CREATE TABLE `documents_turned` (
  `id_turn` int(11) NOT NULL,
  `id_doc` int(11) NOT NULL,
  `id_status_doc` int(11) NOT NULL,
  `id_dep` int(11) NOT NULL,
  `id_char` int(11) NOT NULL,
  `id_classif` int(11) NOT NULL,
  `id_desc` int(11) NOT NULL,
  `folio_turned` varchar(20) COLLATE utf8_spanish_ci DEFAULT NULL,
  `doc_origin` varchar(50) COLLATE utf8_spanish_ci DEFAULT NULL,
  `doc_ccp` varchar(50) COLLATE utf8_spanish_ci DEFAULT NULL,
  `date_turned` date DEFAULT NULL,
  `instructions` text COLLATE utf8_spanish_ci
) ENGINE=InnoDB DEFAULT CHARSET=utf8 COLLATE=utf8_spanish_ci COMMENT='After tegistration of the document, the user turn the document at the organization and register the action, here will register the information about the document, the status, chracter of tamit and classificatin of the document';

-- --------------------------------------------------------

--
-- Estructura de tabla para la tabla `history_access`
--

CREATE TABLE `history_access` (
  `id_history` int(11) NOT NULL,
  `ip` varchar(20) COLLATE utf8_spanish_ci DEFAULT NULL,
  `date_access` date DEFAULT NULL,
  `time_in` timestamp NULL DEFAULT NULL,
  `time_out` timestamp NULL DEFAULT NULL
) ENGINE=InnoDB DEFAULT CHARSET=utf8 COLLATE=utf8_spanish_ci;

--
-- Volcado de datos para la tabla `history_access`
--

INSERT INTO `history_access` (`id_history`, `ip`, `date_access`, `time_in`, `time_out`) VALUES
(1, '127.0.0.1', '2017-10-25', '2017-11-07 18:00:00', NULL),
(2, '::1', '2017-10-30', '2017-11-07 18:39:43', '2017-11-07 06:00:00'),
(3, '::1', '2017-10-30', '2017-11-07 18:43:01', '2017-11-07 06:00:00'),
(4, '::1', '2017-10-30', '2017-11-07 18:44:59', '2017-11-07 06:00:00'),
(5, '::1', '2017-10-30', '2017-11-07 18:45:18', '2017-11-07 06:00:00'),
(6, '::1', '2017-10-30', '2017-11-07 18:46:02', '2017-11-07 06:00:00'),
(7, '::1', '2017-10-30', '2017-11-07 18:47:56', '2017-11-07 06:00:00'),
(8, '::1', '2017-10-30', '2017-11-07 18:55:56', '2017-11-07 06:00:00'),
(9, '::1', '2017-10-30', '2017-11-07 18:56:46', '2017-11-07 06:00:00'),
(10, '10.50.30.50', '2017-10-30', '2017-11-07 18:59:04', '2017-11-07 06:00:00'),
(11, '10.50.30.50', '2017-10-30', '2017-11-07 19:07:45', '2017-11-07 06:00:00'),
(12, '::1', '2017-10-30', '2017-11-07 19:15:48', '2017-11-07 06:00:00'),
(13, '::1', '2017-10-30', '2017-11-07 19:16:11', '2017-11-07 06:00:00'),
(14, NULL, '2017-10-30', '2017-11-07 19:18:00', '2017-11-07 06:00:00'),
(15, '::1', '2017-10-30', '2017-11-07 19:19:34', '2017-11-07 06:00:00'),
(16, '::1', '2017-10-30', '2017-11-07 19:20:01', '2017-11-07 06:00:00'),
(17, '::1', '2017-10-30', '2017-11-07 19:20:35', '2017-11-07 06:00:00'),
(18, '::1', '2017-10-30', '2017-11-07 19:21:11', '2017-11-07 06:00:00'),
(19, '::1', '2017-10-30', '2017-11-07 19:22:08', '2017-11-07 06:00:00'),
(20, '::1', '2017-10-30', '2017-11-07 19:22:43', '2017-11-07 06:00:00'),
(21, '::1', '2017-10-30', '2017-11-07 19:23:36', '2017-11-07 06:00:00'),
(22, '127.0.0.1', '2017-10-30', '2017-11-07 19:24:54', '2017-11-07 06:00:00'),
(23, '127.0.0.1', '2017-10-30', '2017-11-07 19:25:41', '2017-11-07 06:00:00'),
(24, '127.0.0.1', '2017-10-30', '2017-11-07 19:26:11', '2017-11-07 06:00:00'),
(25, '127.0.0.1', '2017-10-30', '2017-11-07 19:26:23', '2017-11-07 06:00:00'),
(26, '127.0.0.1', '2017-10-30', '2017-11-07 19:26:36', '2017-11-07 06:00:00'),
(27, '127.0.0.1', '2017-10-30', '2017-11-07 19:27:12', '2017-11-07 06:00:00'),
(28, '127.0.0.1', '2017-10-30', '2017-11-07 19:28:41', '2017-11-07 06:00:00'),
(29, '127.0.0.1', '2017-10-30', '2017-11-07 19:28:54', '2017-11-07 06:00:00'),
(30, '127.0.0.1', '2017-10-30', '2017-11-07 19:29:31', '2017-11-07 06:00:00'),
(31, '127.0.0.1', '2017-10-30', '2017-11-07 19:33:00', '2017-11-07 06:00:00'),
(32, '127.0.0.1', '2017-10-30', '2017-11-07 19:35:02', '2017-11-07 06:00:00'),
(33, '127.0.0.1', '2017-10-30', '2017-11-07 19:35:39', '2017-11-07 06:00:00'),
(34, '127.0.0.1', '2017-10-30', '2017-11-07 19:38:32', '2017-11-07 06:00:00'),
(35, '127.0.0.1', '2017-10-30', '2017-11-07 19:38:54', '2017-11-07 06:00:00'),
(36, '127.0.0.1', '2017-10-30', '2017-11-07 19:39:18', '2017-11-07 06:00:00'),
(37, '127.0.0.1', '2017-10-30', '2017-11-07 19:39:44', '2017-11-07 06:00:00'),
(38, '127.0.0.1', '2017-10-30', '2017-11-07 19:40:11', '2017-11-07 06:00:00'),
(39, '127.0.0.1', '2017-10-30', '2017-11-07 19:41:49', '2017-11-07 06:00:00'),
(40, '127.0.0.1', '2017-10-30', '2017-11-07 19:42:14', '2017-11-07 06:00:00'),
(41, '127.0.0.1', '2017-10-30', '2017-11-07 19:42:46', '2017-11-07 06:00:00'),
(42, '127.0.0.1', '2017-10-30', '2017-11-07 19:44:45', '2017-11-07 06:00:00'),
(43, '127.0.0.1', '2017-10-30', '2017-11-07 19:45:55', '2017-11-07 06:00:00'),
(44, '127.0.0.1', '2017-10-30', '2017-11-07 19:47:15', '2017-11-07 06:00:00'),
(45, '127.0.0.1', '2017-10-30', '2017-11-07 20:45:16', '2017-11-07 06:00:00'),
(46, '127.0.0.1', '2017-10-30', '2017-11-07 20:45:40', '2017-11-07 06:00:00'),
(47, '127.0.0.1', '2017-10-30', '2017-11-07 20:46:20', '2017-11-07 06:00:00'),
(48, '127.0.0.1', '2017-10-31', '2017-11-07 16:56:35', '2017-11-07 06:00:00'),
(49, '127.0.0.1', '2017-10-31', '2017-11-07 16:56:39', '2017-11-07 06:00:00'),
(50, '127.0.0.1', '2017-10-31', '2017-11-07 16:56:47', '2017-11-07 06:00:00'),
(51, '127.0.0.1', '2017-10-31', '2017-11-07 16:59:23', '2017-11-07 06:00:00'),
(52, '127.0.0.1', '2017-10-31', '2017-11-07 16:59:39', '2017-11-07 06:00:00'),
(53, '127.0.0.1', '2017-10-31', '2017-11-07 17:00:27', '2017-11-07 06:00:00'),
(54, '127.0.0.1', '2017-10-31', '2017-11-07 17:01:06', '2017-11-07 06:00:00'),
(55, '127.0.0.1', '2017-10-31', '2017-11-07 17:02:15', '2017-11-07 06:00:00'),
(56, '127.0.0.1', '2017-10-31', '2017-11-07 17:02:17', '2017-11-07 06:00:00'),
(57, '127.0.0.1', '2017-10-31', '2017-11-07 17:02:18', '2017-11-07 06:00:00'),
(58, '127.0.0.1', '2017-10-31', '2017-11-07 17:02:18', '2017-11-07 06:00:00'),
(59, '127.0.0.1', '2017-10-31', '2017-11-07 17:02:18', '2017-11-07 06:00:00'),
(60, '127.0.0.1', '2017-10-31', '2017-11-07 17:02:18', '2017-11-07 06:00:00'),
(61, '127.0.0.1', '2017-10-31', '2017-11-07 17:02:18', '2017-11-07 06:00:00'),
(62, '127.0.0.1', '2017-10-31', '2017-11-07 17:02:19', '2017-11-07 06:00:00'),
(63, '127.0.0.1', '2017-10-31', '2017-11-07 17:02:19', '2017-11-07 06:00:00'),
(64, '127.0.0.1', '2017-10-31', '2017-11-07 17:02:30', '2017-11-07 06:00:00'),
(65, '127.0.0.1', '2017-10-31', '2017-11-07 17:03:43', '2017-11-07 06:00:00'),
(66, '127.0.0.1', '2017-10-31', '2017-11-07 17:04:09', '2017-11-07 06:00:00'),
(67, '127.0.0.1', '2017-11-01', '2017-11-07 15:19:22', '2017-11-07 06:00:00'),
(68, '127.0.0.1', '2017-11-01', '2017-11-07 15:21:18', '2017-11-07 06:00:00'),
(69, '127.0.0.1', '2017-11-01', '2017-11-07 15:21:23', '2017-11-07 06:00:00'),
(70, '127.0.0.1', '2017-11-01', '2017-11-07 15:21:29', '2017-11-07 06:00:00'),
(71, '127.0.0.1', '2017-11-01', '2017-11-07 15:26:49', '2017-11-07 06:00:00'),
(72, '127.0.0.1', '2017-11-01', '2017-11-07 15:26:57', '2017-11-07 06:00:00'),
(73, '127.0.0.1', '2017-11-01', '2017-11-07 15:29:31', '2017-11-07 06:00:00'),
(74, '127.0.0.1', '2017-11-01', '2017-11-07 15:29:43', '2017-11-07 06:00:00'),
(75, '127.0.0.1', '2017-11-01', '2017-11-07 15:30:27', '2017-11-07 06:00:00'),
(76, '127.0.0.1', '2017-11-01', '2017-11-07 15:30:46', '2017-11-07 06:00:00'),
(77, '127.0.0.1', '2017-11-01', '2017-11-07 15:45:19', '2017-11-07 06:00:00'),
(78, '127.0.0.1', '2017-11-01', '2017-11-07 15:47:10', '2017-11-07 06:00:00'),
(79, '127.0.0.1', '2017-11-01', '2017-11-07 15:47:16', '2017-11-07 06:00:00'),
(80, '127.0.0.1', '2017-11-01', '2017-11-07 15:59:27', '2017-11-07 06:00:00'),
(81, '127.0.0.1', '2017-11-01', '2017-11-07 16:07:35', '2017-11-07 06:00:00'),
(82, '127.0.0.1', '2017-11-01', '2017-11-07 16:07:40', '2017-11-07 06:00:00'),
(83, '127.0.0.1', '2017-11-01', '2017-11-07 16:08:06', '2017-11-07 06:00:00'),
(84, '127.0.0.1', '2017-11-01', '2017-11-07 16:11:27', '2017-11-07 06:00:00'),
(85, '127.0.0.1', '2017-11-01', '2017-11-07 16:11:32', '2017-11-07 06:00:00'),
(86, '127.0.0.1', '2017-11-01', '2017-11-07 16:11:54', '2017-11-07 06:00:00'),
(87, '127.0.0.1', '2017-11-01', '2017-11-07 16:12:12', '2017-11-07 06:00:00'),
(88, '127.0.0.1', '2017-11-01', '2017-11-07 16:12:52', '2017-11-07 06:00:00'),
(89, '127.0.0.1', '2017-11-01', '2017-11-07 16:13:15', '2017-11-07 06:00:00'),
(90, '127.0.0.1', '2017-11-01', '2017-11-07 16:13:36', '2017-11-07 06:00:00'),
(91, '127.0.0.1', '2017-11-01', '2017-11-07 16:14:16', '2017-11-07 06:00:00'),
(92, '127.0.0.1', '2017-11-01', '2017-11-07 16:15:04', '2017-11-07 06:00:00'),
(93, '127.0.0.1', '2017-11-01', '2017-11-07 17:10:37', '2017-11-07 06:00:00'),
(94, '127.0.0.1', '2017-11-01', '2017-11-07 17:11:59', '2017-11-07 06:00:00'),
(95, '127.0.0.1', '2017-11-01', '2017-11-07 17:13:14', '2017-11-07 06:00:00'),
(96, '127.0.0.1', '2017-11-01', '2017-11-07 17:14:25', '2017-11-07 06:00:00'),
(97, '127.0.0.1', '2017-11-01', '2017-11-07 17:14:46', '2017-11-07 06:00:00'),
(98, '127.0.0.1', '2017-11-01', '2017-11-07 17:15:26', '2017-11-07 06:00:00'),
(99, '127.0.0.1', '2017-11-01', '2017-11-07 17:15:52', '2017-11-07 06:00:00'),
(100, '127.0.0.1', '2017-11-01', '2017-11-07 17:16:14', '2017-11-07 06:00:00'),
(101, '127.0.0.1', '2017-11-01', '2017-11-07 17:16:32', '2017-11-07 06:00:00'),
(102, '127.0.0.1', '2017-11-01', '2017-11-07 17:17:03', '2017-11-07 06:00:00'),
(103, '127.0.0.1', '2017-11-01', '2017-11-07 17:17:32', '2017-11-07 06:00:00'),
(104, '127.0.0.1', '2017-11-01', '2017-11-07 17:17:39', '2017-11-07 06:00:00'),
(105, '127.0.0.1', '2017-11-01', '2017-11-07 17:18:38', '2017-11-07 06:00:00'),
(106, '127.0.0.1', '2017-11-01', '2017-11-07 17:19:02', '2017-11-07 06:00:00'),
(107, '127.0.0.1', '2017-11-01', '2017-11-07 17:19:13', '2017-11-07 06:00:00'),
(108, '127.0.0.1', '2017-11-01', '2017-11-07 17:20:01', '2017-11-07 06:00:00'),
(109, '127.0.0.1', '2017-11-01', '2017-11-07 17:20:20', '2017-11-07 06:00:00'),
(110, '127.0.0.1', '2017-11-01', '2017-11-07 17:20:47', '2017-11-07 06:00:00'),
(111, '127.0.0.1', '2017-11-01', '2017-11-07 17:21:06', '2017-11-07 06:00:00'),
(112, '127.0.0.1', '2017-11-01', '2017-11-07 17:21:27', '2017-11-07 06:00:00'),
(113, '127.0.0.1', '2017-11-01', '2017-11-07 17:21:38', '2017-11-07 06:00:00'),
(114, '127.0.0.1', '2017-11-01', '2017-11-07 17:25:55', '2017-11-07 06:00:00'),
(115, '127.0.0.1', '2017-11-01', '2017-11-07 17:25:59', '2017-11-07 06:00:00'),
(116, '127.0.0.1', '2017-11-01', '2017-11-07 17:26:03', '2017-11-07 06:00:00'),
(117, '127.0.0.1', '2017-11-01', '2017-11-07 17:26:06', '2017-11-07 06:00:00'),
(118, '127.0.0.1', '2017-11-01', '2017-11-07 17:26:10', '2017-11-07 06:00:00'),
(119, '127.0.0.1', '2017-11-01', '2017-11-07 17:27:00', '2017-11-07 06:00:00'),
(120, '127.0.0.1', '2017-11-01', '2017-11-07 17:27:10', '2017-11-07 06:00:00'),
(121, '127.0.0.1', '2017-11-01', '2017-11-07 17:27:17', '2017-11-07 06:00:00'),
(122, '127.0.0.1', '2017-11-01', '2017-11-07 17:27:24', '2017-11-07 06:00:00'),
(123, '127.0.0.1', '2017-11-01', '2017-11-07 17:27:33', '2017-11-07 06:00:00'),
(124, '127.0.0.1', '2017-11-01', '2017-11-07 17:28:43', '2017-11-07 06:00:00'),
(125, '127.0.0.1', '2017-11-01', '2017-11-07 17:29:00', '2017-11-07 06:00:00'),
(126, '127.0.0.1', '2017-11-01', '2017-11-07 17:29:12', '2017-11-07 06:00:00'),
(127, '127.0.0.1', '2017-11-01', '2017-11-07 17:41:25', '2017-11-07 06:00:00'),
(128, '127.0.0.1', '2017-11-01', '2017-11-07 17:42:40', '2017-11-07 06:00:00'),
(129, '127.0.0.1', '2017-11-01', '2017-11-07 18:16:13', '2017-11-07 06:00:00'),
(130, '127.0.0.1', '2017-11-01', '2017-11-07 18:17:57', '2017-11-07 06:00:00'),
(131, '127.0.0.1', '2017-11-01', '2017-11-07 18:18:19', '2017-11-07 06:00:00'),
(132, '127.0.0.1', '2017-11-01', '2017-11-07 18:19:21', '2017-11-07 06:00:00'),
(133, '127.0.0.1', '2017-11-01', '2017-11-07 18:20:03', '2017-11-07 06:00:00'),
(134, '127.0.0.1', '2017-11-01', '2017-11-07 18:21:02', '2017-11-07 06:00:00'),
(135, '127.0.0.1', '2017-11-01', '2017-11-07 18:23:33', '2017-11-07 06:00:00'),
(136, '127.0.0.1', '2017-11-01', '2017-11-07 18:23:37', '2017-11-07 06:00:00'),
(137, '127.0.0.1', '2017-11-01', '2017-11-07 18:23:39', '2017-11-07 06:00:00'),
(138, '127.0.0.1', '2017-11-01', '2017-11-07 18:23:41', '2017-11-07 06:00:00'),
(139, '127.0.0.1', '2017-11-01', '2017-11-07 18:24:34', '2017-11-07 06:00:00'),
(140, '127.0.0.1', '2017-11-01', '2017-11-07 18:24:38', '2017-11-07 06:00:00'),
(141, '127.0.0.1', '2017-11-01', '2017-11-07 18:24:41', '2017-11-07 06:00:00'),
(142, '127.0.0.1', '2017-11-01', '2017-11-07 18:27:04', '2017-11-07 06:00:00'),
(143, '127.0.0.1', '2017-11-01', '2017-11-07 18:27:08', '2017-11-07 06:00:00'),
(144, '127.0.0.1', '2017-11-01', '2017-11-07 18:27:50', '2017-11-07 06:00:00'),
(145, '127.0.0.1', '2017-11-01', '2017-11-07 18:28:08', '2017-11-07 06:00:00'),
(146, '127.0.0.1', '2017-11-01', '2017-11-07 18:49:30', '2017-11-07 06:00:00'),
(147, '127.0.0.1', '2017-11-01', '2017-11-07 18:50:01', '2017-11-07 06:00:00'),
(148, '127.0.0.1', '2017-11-01', '2017-11-07 18:50:08', '2017-11-07 06:00:00'),
(149, '127.0.0.1', '2017-11-01', '2017-11-07 18:50:47', '2017-11-07 06:00:00'),
(150, '127.0.0.1', '2017-11-01', '2017-11-07 18:59:52', '2017-11-07 06:00:00'),
(151, '127.0.0.1', '2017-11-01', '2017-11-07 19:00:38', '2017-11-07 06:00:00'),
(152, '127.0.0.1', '2017-11-01', '2017-11-07 19:02:22', '2017-11-07 06:00:00'),
(153, '127.0.0.1', '2017-11-01', '2017-11-07 19:03:55', '2017-11-07 06:00:00'),
(154, '127.0.0.1', '2017-11-01', '2017-11-07 19:05:34', '2017-11-07 06:00:00'),
(155, '127.0.0.1', '2017-11-01', '2017-11-07 19:05:47', '2017-11-07 06:00:00'),
(156, '127.0.0.1', '2017-11-01', '2017-11-07 19:06:30', '2017-11-07 06:00:00'),
(157, '127.0.0.1', '2017-11-03', '2017-11-07 18:34:06', '2017-11-07 06:00:00'),
(158, '127.0.0.1', '2017-11-03', '2017-11-07 19:26:35', '2017-11-07 06:00:00'),
(159, '127.0.0.1', '2017-11-03', '2017-11-07 23:36:59', '2017-11-07 06:00:00'),
(160, '127.0.0.1', '2017-11-03', '2017-11-07 23:39:32', '2017-11-07 06:00:00'),
(161, '127.0.0.1', '2017-11-04', '2017-11-07 15:44:51', '2017-11-07 06:00:00'),
(162, '127.0.0.1', '2017-11-04', '2017-11-07 16:49:35', '2017-11-07 06:00:00'),
(163, '127.0.0.1', '2017-11-04', '2017-11-07 18:18:32', '2017-11-07 06:00:00'),
(164, '127.0.0.1', '2017-11-04', '2017-11-07 18:18:45', '2017-11-07 06:00:00'),
(165, '127.0.0.1', '2017-11-04', '2017-11-07 18:22:16', '2017-11-07 06:00:00'),
(166, '127.0.0.1', '2017-11-04', '2017-11-07 18:27:32', '2017-11-07 06:00:00'),
(167, '127.0.0.1', '2017-11-06', '2017-11-07 14:17:48', '2017-11-07 06:00:00'),
(168, '127.0.0.1', '2017-11-06', '2017-11-07 14:18:10', '2017-11-07 06:00:00'),
(169, '127.0.0.1', '2017-11-06', '2017-11-07 14:20:12', '2017-11-07 06:00:00'),
(170, '127.0.0.1', '2017-11-06', '2017-11-07 14:27:51', '2017-11-07 06:00:00'),
(171, '127.0.0.1', '2017-11-06', '2017-11-07 14:28:15', '2017-11-07 06:00:00'),
(172, '127.0.0.1', '2017-11-06', '2017-11-07 17:57:16', '2017-11-07 06:00:00'),
(173, '127.0.0.1', '2017-11-06', '2017-11-07 17:59:09', '2017-11-07 06:00:00'),
(174, '127.0.0.1', '2017-11-06', '2017-11-07 17:59:28', '2017-11-07 06:00:00'),
(175, '127.0.0.1', '2017-11-06', '2017-11-07 18:00:06', '2017-11-07 06:00:00'),
(176, '127.0.0.1', '2017-11-06', '2017-11-07 18:00:11', '2017-11-07 06:00:00'),
(177, '127.0.0.1', '2017-11-06', '2017-11-07 18:00:43', '2017-11-07 06:00:00'),
(178, '127.0.0.1', '2017-11-06', '2017-11-07 18:01:24', '2017-11-07 06:00:00'),
(179, '127.0.0.1', '2017-11-06', '2017-11-07 18:02:45', '2017-11-07 06:00:00'),
(180, '127.0.0.1', '2017-11-06', '2017-11-07 18:02:53', '2017-11-07 06:00:00'),
(181, '127.0.0.1', '2017-11-06', '2017-11-07 18:11:27', '2017-11-07 06:00:00'),
(182, '127.0.0.1', '2017-11-06', '2017-11-07 18:11:35', '2017-11-07 06:00:00'),
(183, '127.0.0.1', '2017-11-06', '2017-11-07 18:12:11', '2017-11-07 06:00:00'),
(184, '127.0.0.1', '2017-11-06', '2017-11-07 18:12:43', '2017-11-07 06:00:00'),
(185, '127.0.0.1', '2017-11-06', '2017-11-07 18:14:34', '2017-11-07 06:00:00'),
(186, '127.0.0.1', '2017-11-06', '2017-11-07 18:14:42', '2017-11-07 06:00:00'),
(187, '127.0.0.1', '2017-11-06', '2017-11-07 22:16:27', '2017-11-07 06:00:00'),
(188, '127.0.0.1', '2017-11-06', '2017-11-07 22:21:06', '2017-11-07 06:00:00'),
(189, '127.0.0.1', '2017-11-06', '2017-11-07 22:23:55', '2017-11-07 06:00:00'),
(190, '127.0.0.1', '2017-11-06', '2017-11-07 22:25:16', '2017-11-07 06:00:00'),
(191, '127.0.0.1', '2017-11-06', '2017-11-07 22:26:12', '2017-11-07 06:00:00'),
(192, '127.0.0.1', '2017-11-06', '2017-11-07 22:27:38', '2017-11-07 06:00:00'),
(193, '127.0.0.1', '2017-11-06', '2017-11-07 22:28:01', '2017-11-07 06:00:00'),
(194, '127.0.0.1', '2017-11-06', '2017-11-07 22:28:49', '2017-11-07 06:00:00'),
(195, '127.0.0.1', '2017-11-06', '2017-11-07 22:29:26', '2017-11-07 06:00:00'),
(196, '127.0.0.1', '2017-11-06', '2017-11-07 22:29:31', '2017-11-07 06:00:00'),
(197, '127.0.0.1', '2017-11-06', '2017-11-07 22:29:37', '2017-11-07 06:00:00'),
(198, '127.0.0.1', '2017-11-06', '2017-11-07 22:30:51', '2017-11-07 06:00:00'),
(199, '127.0.0.1', '2017-11-06', '2017-11-07 22:34:35', '2017-11-07 06:00:00'),
(200, '127.0.0.1', '2017-11-06', '2017-11-07 22:34:58', '2017-11-07 06:00:00'),
(201, '127.0.0.1', '2017-11-06', '2017-11-07 22:35:36', '2017-11-07 06:00:00'),
(202, '127.0.0.1', '2017-11-06', '2017-11-07 22:37:02', '2017-11-07 06:00:00'),
(203, '127.0.0.1', '2017-11-06', '2017-11-07 22:37:32', '2017-11-07 06:00:00'),
(204, '127.0.0.1', '2017-11-06', '2017-11-07 22:40:10', '2017-11-07 06:00:00'),
(205, '127.0.0.1', '2017-11-06', '2017-11-07 22:41:52', '2017-11-07 06:00:00'),
(206, '127.0.0.1', '2017-11-06', '2017-11-07 22:42:23', '2017-11-07 06:00:00'),
(207, '127.0.0.1', '2017-11-06', '2017-11-07 22:43:10', '2017-11-07 06:00:00'),
(208, '127.0.0.1', '2017-11-06', '2017-11-07 22:43:34', '2017-11-07 06:00:00'),
(209, '127.0.0.1', '2017-11-06', '2017-11-07 22:44:02', '2017-11-07 06:00:00'),
(210, '127.0.0.1', '2017-11-06', '2017-11-07 22:44:46', '2017-11-07 06:00:00'),
(211, '127.0.0.1', '2017-11-06', '2017-11-07 22:45:16', '2017-11-07 06:00:00'),
(212, '127.0.0.1', '2017-11-06', '2017-11-07 22:46:25', '2017-11-07 06:00:00'),
(213, '127.0.0.1', '2017-11-06', '2017-11-07 22:47:13', '2017-11-07 06:00:00'),
(214, '127.0.0.1', '2017-11-06', '2017-11-07 23:12:05', '2017-11-07 06:00:00'),
(215, '127.0.0.1', '2017-11-06', '2017-11-07 23:13:05', '2017-11-07 06:00:00'),
(216, '127.0.0.1', '2017-11-06', '2017-11-07 23:13:29', '2017-11-07 06:00:00'),
(217, '127.0.0.1', '2017-11-06', '2017-11-07 23:14:23', '2017-11-07 06:00:00'),
(218, '127.0.0.1', '2017-11-06', '2017-11-07 23:15:12', '2017-11-07 06:00:00'),
(219, '127.0.0.1', '2017-11-06', '2017-11-07 23:16:40', '2017-11-07 06:00:00'),
(220, '127.0.0.1', '2017-11-06', '2017-11-07 23:17:01', '2017-11-07 06:00:00'),
(221, '127.0.0.1', '2017-11-06', '2017-11-07 23:18:15', '2017-11-07 06:00:00'),
(222, '127.0.0.1', '2017-11-06', '2017-11-07 23:19:30', '2017-11-07 06:00:00'),
(223, '127.0.0.1', '2017-11-06', '2017-11-07 23:22:33', '2017-11-07 06:00:00'),
(224, '127.0.0.1', '2017-11-06', '2017-11-07 23:30:42', '2017-11-07 06:00:00'),
(225, '127.0.0.1', '2017-11-06', '2017-11-07 23:32:25', '2017-11-07 06:00:00'),
(226, '127.0.0.1', '2017-11-06', '2017-11-07 23:33:10', '2017-11-07 06:00:00'),
(227, '127.0.0.1', '2017-11-06', '2017-11-07 23:34:26', '2017-11-07 06:00:00'),
(228, '127.0.0.1', '2017-11-06', '2017-11-07 23:35:23', '2017-11-07 06:00:00'),
(229, '127.0.0.1', '2017-11-06', '2017-11-07 23:36:32', '2017-11-07 06:00:00'),
(230, '127.0.0.1', '2017-11-06', '2017-11-07 23:37:16', '2017-11-07 06:00:00'),
(231, '127.0.0.1', '2017-11-06', '2017-11-07 23:37:26', '2017-11-07 06:00:00'),
(232, '127.0.0.1', '2017-11-06', '2017-11-07 23:37:44', '2017-11-07 06:00:00'),
(233, '127.0.0.1', '2017-11-06', '2017-11-07 23:37:56', '2017-11-07 06:00:00'),
(234, '127.0.0.1', '2017-11-06', '2017-11-07 23:38:28', '2017-11-07 06:00:00'),
(235, '127.0.0.1', '2017-11-06', '2017-11-07 23:43:07', '2017-11-07 06:00:00'),
(236, '127.0.0.1', '2017-11-06', '2017-11-07 23:55:22', '2017-11-07 06:00:00'),
(237, '127.0.0.1', '2017-11-06', '2017-11-08 00:43:53', '2017-11-07 06:00:00'),
(238, '127.0.0.1', '2017-11-06', '2017-11-08 01:10:58', '2017-11-07 06:00:00'),
(239, '127.0.0.1', '2017-11-07', '2017-11-07 14:33:00', '2017-11-07 21:33:00'),
(240, '127.0.0.1', '2017-11-07', '2017-11-07 14:34:24', '2017-11-07 12:37:44'),
(241, '127.0.0.1', '2017-11-07', '2017-11-07 14:35:24', '2017-11-07 12:38:44'),
(242, '127.0.0.1', '2017-11-07', '2017-11-07 15:42:51', NULL),
(243, '127.0.0.1', '2017-11-07', '2017-11-07 15:43:05', '2017-11-07 15:43:05'),
(244, '127.0.0.1', '2017-11-07', '2017-11-07 15:45:55', NULL),
(245, '127.0.0.1', '2017-11-07', '2017-11-07 15:48:04', NULL),
(246, '127.0.0.1', '2017-11-07', '2017-11-08 01:51:17', NULL),
(247, '127.0.0.1', '2017-11-08', '2017-11-08 18:50:10', NULL),
(248, '127.0.0.1', '2017-11-08', '2017-11-08 19:01:00', NULL),
(249, '127.0.0.1', '2017-11-08', '2017-11-08 19:01:10', NULL),
(250, '127.0.0.1', '2017-11-08', '2017-11-08 21:01:11', NULL),
(251, '127.0.0.1', '2017-11-08', '2017-11-08 21:10:40', NULL),
(252, '127.0.0.1', '2017-11-08', '2017-11-08 23:20:51', NULL),
(253, '127.0.0.1', '2017-11-08', '2017-11-09 02:07:52', NULL),
(254, '127.0.0.1', '2017-11-09', '2017-11-09 15:13:24', NULL),
(255, '127.0.0.1', '2017-11-09', '2017-11-09 16:40:23', NULL),
(256, '127.0.0.1', '2017-11-09', '2017-11-09 16:59:27', NULL),
(257, '127.0.0.1', '2017-11-09', '2017-11-09 20:21:08', NULL),
(258, '127.0.0.1', '2017-11-09', '2017-11-09 20:33:27', NULL),
(259, '127.0.0.1', '2017-11-10', '2017-11-10 15:15:03', NULL),
(260, '127.0.0.1', '2017-11-10', '2017-11-10 17:29:55', NULL),
(261, '127.0.0.1', '2017-11-10', '2017-11-10 17:48:23', NULL),
(262, '127.0.0.1', '2017-11-11', '2017-11-11 17:26:11', NULL),
(263, '127.0.0.1', '2017-11-13', '2017-11-13 15:24:34', NULL),
(264, '127.0.0.1', '2017-11-13', '2017-11-13 15:32:29', NULL),
(265, '127.0.0.1', '2017-11-13', '2017-11-13 16:23:12', NULL),
(266, '127.0.0.1', '2017-11-13', '2017-11-13 19:47:40', NULL),
(267, '127.0.0.1', '2017-11-13', '2017-11-13 20:19:26', NULL),
(268, '127.0.0.1', '2017-11-13', '2017-11-13 20:32:10', NULL),
(269, '127.0.0.1', '2017-11-13', '2017-11-13 23:17:50', NULL),
(270, '127.0.0.1', '2017-11-13', '2017-11-13 23:36:15', NULL),
(271, '127.0.0.1', '2017-11-13', '2017-11-14 00:09:41', NULL),
(272, '127.0.0.1', '2017-11-13', '2017-11-14 01:32:03', NULL),
(273, '127.0.0.1', '2017-11-14', '2017-11-14 15:12:35', NULL),
(274, '127.0.0.1', '2017-11-14', '2017-11-14 23:30:24', NULL),
(275, '127.0.0.1', '2017-11-14', '2017-11-15 01:27:11', NULL),
(276, '127.0.0.1', '2017-11-15', '2017-11-15 16:08:26', NULL),
(277, '127.0.0.1', '2017-11-15', '2017-11-15 19:48:03', NULL),
(278, '127.0.0.1', '2017-11-16', '2017-11-16 15:36:47', NULL),
(279, '127.0.0.1', '2017-11-16', '2017-11-16 15:59:43', NULL),
(280, '127.0.0.1', '2017-11-16', '2017-11-16 16:40:41', NULL),
(281, '127.0.0.1', '2017-11-16', '2017-11-16 20:48:25', NULL),
(282, '127.0.0.1', '2017-11-16', '2017-11-17 01:09:18', NULL),
(283, '127.0.0.1', '2017-11-17', '2017-11-17 15:20:27', NULL),
(284, '127.0.0.1', '2017-11-17', '2017-11-17 15:26:06', NULL),
(285, '127.0.0.1', '2017-11-17', '2017-11-17 15:28:47', NULL),
(286, '127.0.0.1', '2017-11-17', '2017-11-17 15:36:29', NULL),
(287, '127.0.0.1', '2017-11-17', '2017-11-17 16:09:28', NULL),
(288, '127.0.0.1', '2017-11-17', '2017-11-17 16:20:47', NULL),
(289, '127.0.0.1', '2017-11-17', '2017-11-17 16:31:54', NULL),
(290, '127.0.0.1', '2017-11-17', '2017-11-17 16:34:23', NULL),
(291, '127.0.0.1', '2017-11-17', '2017-11-17 16:35:08', NULL),
(292, '127.0.0.1', '2017-11-17', '2017-11-17 16:35:40', NULL),
(293, '127.0.0.1', '2017-11-17', '2017-11-17 18:12:09', NULL),
(294, '127.0.0.1', '2017-11-17', '2017-11-17 18:46:19', NULL),
(295, '127.0.0.1', '2017-11-17', '2017-11-17 20:28:45', NULL),
(296, '127.0.0.1', '2017-11-17', '2017-11-18 00:11:32', NULL),
(297, '127.0.0.1', '2017-11-17', '2017-11-18 01:46:53', NULL),
(298, '127.0.0.1', '2017-11-17', '2017-11-18 02:39:47', NULL),
(299, '127.0.0.1', '2017-11-17', '2017-11-18 03:16:46', NULL),
(300, '127.0.0.1', '2017-11-18', '2017-11-18 15:29:19', NULL),
(301, '127.0.0.1', '2017-11-18', '2017-11-18 15:29:37', NULL),
(302, '127.0.0.1', '2017-11-18', '2017-11-18 15:30:21', NULL),
(303, '127.0.0.1', '2017-11-18', '2017-11-18 15:30:56', NULL),
(304, '127.0.0.1', '2017-11-18', '2017-11-18 15:33:32', NULL),
(305, '127.0.0.1', '2017-11-18', '2017-11-18 16:53:37', NULL),
(306, '127.0.0.1', '2017-11-21', '2017-11-21 15:21:27', NULL),
(307, '127.0.0.1', '2017-11-21', '2017-11-21 17:22:19', NULL),
(308, '127.0.0.1', '2017-11-21', '2017-11-21 23:25:11', NULL),
(309, '127.0.0.1', '2017-11-21', '2017-11-22 00:02:14', NULL),
(310, '127.0.0.1', '2017-11-21', '2017-11-22 00:41:51', NULL),
(311, '127.0.0.1', '2017-11-22', '2017-11-22 15:21:38', NULL),
(312, '127.0.0.1', '2017-11-22', '2017-11-22 15:22:20', NULL),
(313, '127.0.0.1', '2017-11-22', '2017-11-22 18:04:26', NULL),
(314, '127.0.0.1', '2017-11-22', '2017-11-22 18:22:13', NULL),
(315, '127.0.0.1', '2017-11-22', '2017-11-22 19:11:45', NULL),
(316, '127.0.0.1', '2017-11-22', '2017-11-22 19:13:40', NULL),
(317, '127.0.0.1', '2017-11-22', '2017-11-22 20:07:42', NULL),
(318, '127.0.0.1', '2017-11-23', '2017-11-23 15:38:34', NULL),
(319, '127.0.0.1', '2017-11-23', '2017-11-23 17:32:19', NULL),
(320, '127.0.0.1', '2017-11-23', '2017-11-23 17:40:09', NULL),
(321, '127.0.0.1', '2017-11-24', '2017-11-24 15:09:35', NULL),
(322, '127.0.0.1', '2017-11-24', '2017-11-24 15:58:13', NULL),
(323, '127.0.0.1', '2017-11-24', '2017-11-24 16:32:21', NULL),
(324, '127.0.0.1', '2017-11-24', '2017-11-24 21:05:03', NULL),
(325, '127.0.0.1', '2017-11-24', '2017-11-24 21:08:59', NULL),
(326, '127.0.0.1', '2017-11-24', '2017-11-24 21:09:45', NULL),
(327, '127.0.0.1', '2017-11-24', '2017-11-25 00:15:35', NULL),
(328, '127.0.0.1', '2017-11-24', '2017-11-25 00:31:09', NULL),
(329, '127.0.0.1', '2017-11-24', '2017-11-25 00:31:25', NULL),
(330, '127.0.0.1', '2017-11-24', '2017-11-25 00:31:44', NULL),
(331, '127.0.0.1', '2017-11-25', '2017-11-25 15:14:57', NULL),
(332, '127.0.0.1', '2017-11-25', '2017-11-25 15:46:06', NULL),
(333, '127.0.0.1', '2017-11-25', '2017-11-25 15:47:54', NULL),
(334, '127.0.0.1', '2017-11-27', '2017-11-27 15:46:46', NULL),
(335, '127.0.0.1', '2017-11-27', '2017-11-27 16:54:56', NULL),
(336, '127.0.0.1', '2017-11-27', '2017-11-27 17:01:45', NULL),
(337, '127.0.0.1', '2017-11-27', '2017-11-27 18:24:34', NULL),
(338, '127.0.0.1', '2017-11-27', '2017-11-27 18:43:26', NULL),
(339, '127.0.0.1', '2017-11-27', '2017-11-27 18:48:55', NULL),
(340, '127.0.0.1', '2017-11-27', '2017-11-27 20:47:30', NULL),
(341, '127.0.0.1', '2017-11-27', '2017-11-27 23:05:59', NULL),
(342, '127.0.0.1', '2017-11-27', '2017-11-27 23:41:41', NULL),
(343, '127.0.0.1', '2017-11-27', '2017-11-28 00:47:23', NULL),
(344, '127.0.0.1', '2017-11-27', '2017-11-28 01:22:07', NULL),
(345, '127.0.0.1', '2017-11-27', '2017-11-28 01:41:09', NULL),
(346, '127.0.0.1', '2017-11-28', '2017-11-28 15:27:51', NULL),
(347, '127.0.0.1', '2017-11-28', '2017-11-28 15:50:23', NULL);

-- --------------------------------------------------------

--
-- Estructura de tabla para la tabla `municipalities`
--

CREATE TABLE `municipalities` (
  `id_muni` int(11) NOT NULL,
  `desc_muni` varchar(65) COLLATE utf8_spanish_ci DEFAULT NULL
) ENGINE=InnoDB DEFAULT CHARSET=utf8 COLLATE=utf8_spanish_ci;

-- --------------------------------------------------------

--
-- Estructura de tabla para la tabla `organizations`
--

CREATE TABLE `organizations` (
  `id_org` int(11) NOT NULL,
  `org_name` varchar(80) COLLATE utf8_spanish_ci DEFAULT NULL,
  `org_dir` varchar(99) COLLATE utf8_spanish_ci DEFAULT NULL,
  `org_col` varchar(35) COLLATE utf8_spanish_ci DEFAULT NULL,
  `org_cp` varchar(6) COLLATE utf8_spanish_ci DEFAULT NULL,
  `org_tel` varchar(20) COLLATE utf8_spanish_ci DEFAULT NULL,
  `org_ext` char(6) COLLATE utf8_spanish_ci DEFAULT NULL,
  `org_email` varchar(60) COLLATE utf8_spanish_ci DEFAULT NULL,
  `id_user` int(11) NOT NULL
) ENGINE=InnoDB DEFAULT CHARSET=utf8 COLLATE=utf8_spanish_ci;

-- --------------------------------------------------------

--
-- Estructura de tabla para la tabla `privileges`
--

CREATE TABLE `privileges` (
  `id_priv` int(11) NOT NULL,
  `desc_priv` varchar(60) COLLATE utf8_unicode_ci DEFAULT NULL,
  `create_priv` enum('N','Y') CHARACTER SET utf8 NOT NULL DEFAULT 'N',
  `select_priv` enum('N','Y') CHARACTER SET utf8 NOT NULL DEFAULT 'N',
  `insert_priv` enum('N','Y') CHARACTER SET utf8 NOT NULL DEFAULT 'N',
  `update_priv` enum('N','Y') CHARACTER SET utf8 NOT NULL DEFAULT 'N',
  `delete_priv` enum('N','Y') CHARACTER SET utf8 NOT NULL DEFAULT 'N',
  `backup_priv` enum('N','Y') CHARACTER SET utf8 NOT NULL DEFAULT 'N',
  `report_priv` enum('N','Y') CHARACTER SET utf8 NOT NULL DEFAULT 'N',
  `status` enum('1','0') CHARACTER SET utf8 NOT NULL DEFAULT '1'
) ENGINE=InnoDB DEFAULT CHARSET=utf8 COLLATE=utf8_unicode_ci;

--
-- Volcado de datos para la tabla `privileges`
--

INSERT INTO `privileges` (`id_priv`, `desc_priv`, `create_priv`, `select_priv`, `insert_priv`, `update_priv`, `delete_priv`, `backup_priv`, `report_priv`, `status`) VALUES
(1, 'Administración del sistema', 'Y', 'Y', 'Y', 'Y', 'Y', 'Y', 'N', '1'),
(2, 'Dev', 'Y', 'Y', 'Y', 'Y', 'Y', 'Y', 'Y', '1'),
(3, 'Registro de Información', 'N', 'Y', 'Y', 'Y', 'N', 'N', 'N', '1'),
(4, 'Consulta de Información', 'N', 'Y', 'N', 'N', 'N', 'N', 'Y', '1'),
(5, 'Borrado de Información', 'N', 'Y', 'Y', 'Y', 'Y', 'N', 'N', '1'),
(6, 'Respaldo de Información', 'N', 'Y', 'N', 'N', 'N', 'Y', 'N', '1'),
(7, 'deleted', 'N', 'Y', 'N', 'Y', 'N', 'Y', 'N', '0'),
(8, 'modify', 'Y', 'Y', 'Y', 'Y', 'Y', 'Y', 'Y', '0'),
(9, 'alert', 'N', 'N', 'N', 'N', 'N', 'N', 'N', '0'),
(10, 'New Privilege', 'N', 'N', 'N', 'N', 'N', 'N', 'N', '0'),
(11, 'Privilege reedited', 'N', 'Y', 'N', 'Y', 'N', 'Y', 'N', '0');

-- --------------------------------------------------------

--
-- Estructura de tabla para la tabla `senders`
--

CREATE TABLE `senders` (
  `id_sender` int(11) NOT NULL,
  `desc_sender_position` varchar(100) COLLATE utf8_spanish_ci DEFAULT NULL
) ENGINE=InnoDB DEFAULT CHARSET=utf8 COLLATE=utf8_spanish_ci;

-- --------------------------------------------------------

--
-- Estructura de tabla para la tabla `status_docs`
--

CREATE TABLE `status_docs` (
  `id_status_doc` int(11) NOT NULL,
  `desc_status_docs` varchar(25) COLLATE utf8_spanish_ci DEFAULT NULL
) ENGINE=InnoDB DEFAULT CHARSET=utf8 COLLATE=utf8_spanish_ci;

-- --------------------------------------------------------

--
-- Estructura de tabla para la tabla `status_user`
--

CREATE TABLE `status_user` (
  `id_user_status` int(11) NOT NULL,
  `desc_user_status` varchar(20) COLLATE utf8_spanish_ci DEFAULT NULL
) ENGINE=InnoDB DEFAULT CHARSET=utf8 COLLATE=utf8_spanish_ci;

--
-- Volcado de datos para la tabla `status_user`
--

INSERT INTO `status_user` (`id_user_status`, `desc_user_status`) VALUES
(1, 'Active'),
(2, 'Inactive');

-- --------------------------------------------------------

--
-- Estructura de tabla para la tabla `type_docs`
--

CREATE TABLE `type_docs` (
  `id_type_doc` int(11) NOT NULL,
  `desc_type_doc` varchar(20) COLLATE utf8_spanish_ci DEFAULT NULL
) ENGINE=InnoDB DEFAULT CHARSET=utf8 COLLATE=utf8_spanish_ci;

-- --------------------------------------------------------

--
-- Estructura de tabla para la tabla `users`
--

CREATE TABLE `users` (
  `id_user` int(11) NOT NULL,
  `id_priv` int(11) NOT NULL,
  `id_user_status` int(11) NOT NULL,
  `id_dir` int(11) NOT NULL,
  `id_dep` int(11) NOT NULL,
  `id_history` int(11) NOT NULL,
  `name` varchar(120) COLLATE utf8_spanish_ci NOT NULL,
  `user_name` varchar(60) COLLATE utf8_spanish_ci NOT NULL,
  `user_pass` varchar(255) COLLATE utf8_spanish_ci NOT NULL,
  `user_movil` varchar(10) COLLATE utf8_spanish_ci DEFAULT NULL,
  `user_email` varchar(80) COLLATE utf8_spanish_ci DEFAULT NULL,
  `user_photo` varchar(80) COLLATE utf8_spanish_ci NOT NULL,
  `user_position` varchar(40) COLLATE utf8_spanish_ci NOT NULL,
  `user_resume` varchar(120) COLLATE utf8_spanish_ci NOT NULL,
  `user_tel` varchar(20) COLLATE utf8_spanish_ci DEFAULT NULL,
  `user_ext` varchar(6) COLLATE utf8_spanish_ci DEFAULT NULL,
  `active` varchar(2) COLLATE utf8_spanish_ci NOT NULL,
  `user_online` varchar(20) COLLATE utf8_spanish_ci DEFAULT NULL,
  `date_reg` timestamp NOT NULL DEFAULT CURRENT_TIMESTAMP ON UPDATE CURRENT_TIMESTAMP,
  `about` text COLLATE utf8_spanish_ci NOT NULL,
  `status` enum('1','0') CHARACTER SET utf8 NOT NULL DEFAULT '1',
  `edited` int(11) NOT NULL DEFAULT '0'
) ENGINE=InnoDB DEFAULT CHARSET=utf8 COLLATE=utf8_spanish_ci COMMENT='This is the table where register users, his privileges, her status in the system, his departament, his history and the characteristics of the count''s owner.';

--
-- Volcado de datos para la tabla `users`
--

INSERT INTO `users` (`id_user`, `id_priv`, `id_user_status`, `id_dir`, `id_dep`, `id_history`, `name`, `user_name`, `user_pass`, `user_movil`, `user_email`, `user_photo`, `user_position`, `user_resume`, `user_tel`, `user_ext`, `active`, `user_online`, `date_reg`, `about`, `status`, `edited`) VALUES
(2, 1, 1, 1, 1, 347, 'Klvst3r Strk', 'klvst3r', '81dc9bdb52d04dc20036dbd8313ed055', '2461645449', 'klvst3r@gmail.com', 'ui-danro.jpg', 'Dev', 'CEO Web developer + Edx + UX + UI', '1234567890', '0', '0', '0', '2017-11-28 15:50:23', 'I am admin user dev for Internet lorem ipsum dolor sit amet, consectetur adipiscing elit. Nullam eros nibh, viverra a dui a, gravida varius velit. Vivamus tristique est non ipsum dapibus lacinia sed nec metus.', '1', 0);

--
-- Índices para tablas volcadas
--

--
-- Indices de la tabla `answer_docs`
--
ALTER TABLE `answer_docs`
  ADD PRIMARY KEY (`id_answer`),
  ADD KEY `id_status_doc` (`id_status_doc`);

--
-- Indices de la tabla `char_tramits`
--
ALTER TABLE `char_tramits`
  ADD PRIMARY KEY (`id_char`);

--
-- Indices de la tabla `classifications`
--
ALTER TABLE `classifications`
  ADD PRIMARY KEY (`id_classif`);

--
-- Indices de la tabla `departaments`
--
ALTER TABLE `departaments`
  ADD PRIMARY KEY (`id_dep`),
  ADD KEY `id_dir` (`id_dir`);

--
-- Indices de la tabla `descriptions`
--
ALTER TABLE `descriptions`
  ADD PRIMARY KEY (`id_desc`);

--
-- Indices de la tabla `destiny_docs`
--
ALTER TABLE `destiny_docs`
  ADD PRIMARY KEY (`id_destiny`);

--
-- Indices de la tabla `directions`
--
ALTER TABLE `directions`
  ADD PRIMARY KEY (`id_dir`);

--
-- Indices de la tabla `documents`
--
ALTER TABLE `documents`
  ADD PRIMARY KEY (`id_doc`),
  ADD KEY `id_type_doc` (`id_type_doc`),
  ADD KEY `id_status_doc` (`id_status_doc`),
  ADD KEY `id_muni` (`id_muni`),
  ADD KEY `id_destiny` (`id_destiny`),
  ADD KEY `id_sender` (`id_sender`);

--
-- Indices de la tabla `documents_turned`
--
ALTER TABLE `documents_turned`
  ADD PRIMARY KEY (`id_turn`),
  ADD KEY `id_dep` (`id_dep`),
  ADD KEY `id_status_doc` (`id_status_doc`),
  ADD KEY `id_doc` (`id_doc`),
  ADD KEY `id_char` (`id_char`),
  ADD KEY `id_classif` (`id_classif`),
  ADD KEY `id_desc` (`id_desc`);

--
-- Indices de la tabla `history_access`
--
ALTER TABLE `history_access`
  ADD PRIMARY KEY (`id_history`);

--
-- Indices de la tabla `municipalities`
--
ALTER TABLE `municipalities`
  ADD PRIMARY KEY (`id_muni`);

--
-- Indices de la tabla `organizations`
--
ALTER TABLE `organizations`
  ADD PRIMARY KEY (`id_org`),
  ADD KEY `id_user` (`id_user`);

--
-- Indices de la tabla `privileges`
--
ALTER TABLE `privileges`
  ADD PRIMARY KEY (`id_priv`);

--
-- Indices de la tabla `senders`
--
ALTER TABLE `senders`
  ADD PRIMARY KEY (`id_sender`);

--
-- Indices de la tabla `status_docs`
--
ALTER TABLE `status_docs`
  ADD PRIMARY KEY (`id_status_doc`);

--
-- Indices de la tabla `status_user`
--
ALTER TABLE `status_user`
  ADD PRIMARY KEY (`id_user_status`);

--
-- Indices de la tabla `type_docs`
--
ALTER TABLE `type_docs`
  ADD PRIMARY KEY (`id_type_doc`);

--
-- Indices de la tabla `users`
--
ALTER TABLE `users`
  ADD PRIMARY KEY (`id_user`),
  ADD KEY `id_dep` (`id_dep`),
  ADD KEY `id_priv` (`id_priv`),
  ADD KEY `id_user_status` (`id_user_status`),
  ADD KEY `id_history` (`id_history`);

--
-- AUTO_INCREMENT de las tablas volcadas
--

--
-- AUTO_INCREMENT de la tabla `answer_docs`
--
ALTER TABLE `answer_docs`
  MODIFY `id_answer` int(11) NOT NULL AUTO_INCREMENT;
--
-- AUTO_INCREMENT de la tabla `char_tramits`
--
ALTER TABLE `char_tramits`
  MODIFY `id_char` int(11) NOT NULL AUTO_INCREMENT;
--
-- AUTO_INCREMENT de la tabla `classifications`
--
ALTER TABLE `classifications`
  MODIFY `id_classif` int(11) NOT NULL AUTO_INCREMENT;
--
-- AUTO_INCREMENT de la tabla `departaments`
--
ALTER TABLE `departaments`
  MODIFY `id_dep` int(11) NOT NULL AUTO_INCREMENT, AUTO_INCREMENT=18;
--
-- AUTO_INCREMENT de la tabla `descriptions`
--
ALTER TABLE `descriptions`
  MODIFY `id_desc` int(11) NOT NULL AUTO_INCREMENT;
--
-- AUTO_INCREMENT de la tabla `destiny_docs`
--
ALTER TABLE `destiny_docs`
  MODIFY `id_destiny` int(11) NOT NULL AUTO_INCREMENT;
--
-- AUTO_INCREMENT de la tabla `directions`
--
ALTER TABLE `directions`
  MODIFY `id_dir` int(11) NOT NULL AUTO_INCREMENT, AUTO_INCREMENT=5;
--
-- AUTO_INCREMENT de la tabla `documents`
--
ALTER TABLE `documents`
  MODIFY `id_doc` int(11) NOT NULL AUTO_INCREMENT;
--
-- AUTO_INCREMENT de la tabla `documents_turned`
--
ALTER TABLE `documents_turned`
  MODIFY `id_turn` int(11) NOT NULL AUTO_INCREMENT;
--
-- AUTO_INCREMENT de la tabla `history_access`
--
ALTER TABLE `history_access`
  MODIFY `id_history` int(11) NOT NULL AUTO_INCREMENT, AUTO_INCREMENT=348;
--
-- AUTO_INCREMENT de la tabla `municipalities`
--
ALTER TABLE `municipalities`
  MODIFY `id_muni` int(11) NOT NULL AUTO_INCREMENT;
--
-- AUTO_INCREMENT de la tabla `organizations`
--
ALTER TABLE `organizations`
  MODIFY `id_org` int(11) NOT NULL AUTO_INCREMENT;
--
-- AUTO_INCREMENT de la tabla `privileges`
--
ALTER TABLE `privileges`
  MODIFY `id_priv` int(11) NOT NULL AUTO_INCREMENT, AUTO_INCREMENT=12;
--
-- AUTO_INCREMENT de la tabla `senders`
--
ALTER TABLE `senders`
  MODIFY `id_sender` int(11) NOT NULL AUTO_INCREMENT;
--
-- AUTO_INCREMENT de la tabla `status_docs`
--
ALTER TABLE `status_docs`
  MODIFY `id_status_doc` int(11) NOT NULL AUTO_INCREMENT;
--
-- AUTO_INCREMENT de la tabla `status_user`
--
ALTER TABLE `status_user`
  MODIFY `id_user_status` int(11) NOT NULL AUTO_INCREMENT, AUTO_INCREMENT=3;
--
-- AUTO_INCREMENT de la tabla `type_docs`
--
ALTER TABLE `type_docs`
  MODIFY `id_type_doc` int(11) NOT NULL AUTO_INCREMENT;
--
-- AUTO_INCREMENT de la tabla `users`
--
ALTER TABLE `users`
  MODIFY `id_user` int(11) NOT NULL AUTO_INCREMENT, AUTO_INCREMENT=3;
--
-- Restricciones para tablas volcadas
--

--
-- Filtros para la tabla `answer_docs`
--
ALTER TABLE `answer_docs`
  ADD CONSTRAINT `answer_docs_ibfk_1` FOREIGN KEY (`id_status_doc`) REFERENCES `status_docs` (`id_status_doc`),
  ADD CONSTRAINT `answer_docs_ibfk_2` FOREIGN KEY (`id_status_doc`) REFERENCES `status_docs` (`id_status_doc`);

--
-- Filtros para la tabla `departaments`
--
ALTER TABLE `departaments`
  ADD CONSTRAINT `departaments_ibfk_1` FOREIGN KEY (`id_dir`) REFERENCES `directions` (`id_dir`),
  ADD CONSTRAINT `departaments_ibfk_2` FOREIGN KEY (`id_dir`) REFERENCES `directions` (`id_dir`);

--
-- Filtros para la tabla `documents`
--
ALTER TABLE `documents`
  ADD CONSTRAINT `documents_ibfk_1` FOREIGN KEY (`id_type_doc`) REFERENCES `type_docs` (`id_type_doc`),
  ADD CONSTRAINT `documents_ibfk_10` FOREIGN KEY (`id_sender`) REFERENCES `senders` (`id_sender`),
  ADD CONSTRAINT `documents_ibfk_2` FOREIGN KEY (`id_status_doc`) REFERENCES `status_docs` (`id_status_doc`),
  ADD CONSTRAINT `documents_ibfk_3` FOREIGN KEY (`id_muni`) REFERENCES `municipalities` (`id_muni`),
  ADD CONSTRAINT `documents_ibfk_4` FOREIGN KEY (`id_destiny`) REFERENCES `destiny_docs` (`id_destiny`),
  ADD CONSTRAINT `documents_ibfk_5` FOREIGN KEY (`id_sender`) REFERENCES `senders` (`id_sender`),
  ADD CONSTRAINT `documents_ibfk_6` FOREIGN KEY (`id_type_doc`) REFERENCES `type_docs` (`id_type_doc`),
  ADD CONSTRAINT `documents_ibfk_7` FOREIGN KEY (`id_status_doc`) REFERENCES `status_docs` (`id_status_doc`),
  ADD CONSTRAINT `documents_ibfk_8` FOREIGN KEY (`id_muni`) REFERENCES `municipalities` (`id_muni`),
  ADD CONSTRAINT `documents_ibfk_9` FOREIGN KEY (`id_destiny`) REFERENCES `destiny_docs` (`id_destiny`);

--
-- Filtros para la tabla `documents_turned`
--
ALTER TABLE `documents_turned`
  ADD CONSTRAINT `documents_turned_ibfk_1` FOREIGN KEY (`id_dep`) REFERENCES `departaments` (`id_dep`),
  ADD CONSTRAINT `documents_turned_ibfk_10` FOREIGN KEY (`id_desc`) REFERENCES `descriptions` (`id_desc`),
  ADD CONSTRAINT `documents_turned_ibfk_2` FOREIGN KEY (`id_status_doc`) REFERENCES `status_docs` (`id_status_doc`),
  ADD CONSTRAINT `documents_turned_ibfk_3` FOREIGN KEY (`id_doc`) REFERENCES `documents` (`id_doc`),
  ADD CONSTRAINT `documents_turned_ibfk_4` FOREIGN KEY (`id_char`) REFERENCES `char_tramits` (`id_char`),
  ADD CONSTRAINT `documents_turned_ibfk_5` FOREIGN KEY (`id_dep`) REFERENCES `departaments` (`id_dep`),
  ADD CONSTRAINT `documents_turned_ibfk_6` FOREIGN KEY (`id_status_doc`) REFERENCES `status_docs` (`id_status_doc`),
  ADD CONSTRAINT `documents_turned_ibfk_7` FOREIGN KEY (`id_doc`) REFERENCES `documents` (`id_doc`),
  ADD CONSTRAINT `documents_turned_ibfk_8` FOREIGN KEY (`id_char`) REFERENCES `char_tramits` (`id_char`),
  ADD CONSTRAINT `documents_turned_ibfk_9` FOREIGN KEY (`id_classif`) REFERENCES `classifications` (`id_classif`);

--
-- Filtros para la tabla `organizations`
--
ALTER TABLE `organizations`
  ADD CONSTRAINT `organizations_ibfk_1` FOREIGN KEY (`id_user`) REFERENCES `users` (`id_user`),
  ADD CONSTRAINT `organizations_ibfk_2` FOREIGN KEY (`id_user`) REFERENCES `users` (`id_user`);

--
-- Filtros para la tabla `users`
--
ALTER TABLE `users`
  ADD CONSTRAINT `users_ibfk_1` FOREIGN KEY (`id_dep`) REFERENCES `departaments` (`id_dep`),
  ADD CONSTRAINT `users_ibfk_2` FOREIGN KEY (`id_priv`) REFERENCES `privileges` (`id_priv`),
  ADD CONSTRAINT `users_ibfk_3` FOREIGN KEY (`id_user_status`) REFERENCES `status_user` (`id_user_status`),
  ADD CONSTRAINT `users_ibfk_4` FOREIGN KEY (`id_history`) REFERENCES `history_access` (`id_history`),
  ADD CONSTRAINT `users_ibfk_5` FOREIGN KEY (`id_dep`) REFERENCES `departaments` (`id_dep`),
  ADD CONSTRAINT `users_ibfk_6` FOREIGN KEY (`id_priv`) REFERENCES `privileges` (`id_priv`),
  ADD CONSTRAINT `users_ibfk_7` FOREIGN KEY (`id_user_status`) REFERENCES `status_user` (`id_user_status`),
  ADD CONSTRAINT `users_ibfk_8` FOREIGN KEY (`id_history`) REFERENCES `history_access` (`id_history`);

/*!40101 SET CHARACTER_SET_CLIENT=@OLD_CHARACTER_SET_CLIENT */;
/*!40101 SET CHARACTER_SET_RESULTS=@OLD_CHARACTER_SET_RESULTS */;
/*!40101 SET COLLATION_CONNECTION=@OLD_COLLATION_CONNECTION */;
